"Season_End_Year","Wk","Date","Home","HomeGoals","AwayGoals","Away","FTR"
"2022","1","2021-08-13","Brentford","2","0","Arsenal","H"
"2022","1","2021-08-14","Manchester United","5","1","Leeds United","H"
"2022","1","2021-08-14","Watford","3","2","Aston Villa","H"
"2022","1","2021-08-14","Chelsea","3","0","Crystal Palace","H"
"2022","1","2021-08-14","Everton","3","1","Southampton","H"
"2022","1","2021-08-14","Burnley","1","2","Brighton and Hove Albion","A"
"2022","1","2021-08-14","Leicester City","1","0","Wolverhampton Wanderers","H"
"2022","1","2021-08-14","Norwich City","0","3","Liverpool","A"
"2022","1","2021-08-15","Newcastle United","2","4","West Ham United","A"
"2022","1","2021-08-15","Tottenham Hotspur","1","0","Manchester City","H"
"2022","2","2021-08-21","Liverpool","2","0","Burnley","H"
"2022","2","2021-08-21","Leeds United","2","2","Everton","D"
"2022","2","2021-08-21","Aston Villa","2","0","Newcastle United","H"
"2022","2","2021-08-21","Crystal Palace","0","0","Brentford","D"
"2022","2","2021-08-21","Manchester City","5","0","Norwich City","H"
"2022","2","2021-08-21","Brighton and Hove Albion","2","0","Watford","H"
"2022","2","2021-08-22","Southampton","1","1","Manchester United","D"
"2022","2","2021-08-22","Wolverhampton Wanderers","0","1","Tottenham Hotspur","A"
"2022","2","2021-08-22","Arsenal","0","2","Chelsea","A"
"2022","2","2021-08-23","West Ham United","4","1","Leicester City","H"
"2022","3","2021-08-28","Manchester City","5","0","Arsenal","H"
"2022","3","2021-08-28","West Ham United","2","2","Crystal Palace","D"
"2022","3","2021-08-28","Norwich City","1","2","Leicester City","A"
"2022","3","2021-08-28","Brighton and Hove Albion","0","2","Everton","A"
"2022","3","2021-08-28","Newcastle United","2","2","Southampton","D"
"2022","3","2021-08-28","Aston Villa","1","1","Brentford","D"
"2022","3","2021-08-28","Liverpool","1","1","Chelsea","D"
"2022","3","2021-08-29","Burnley","1","1","Leeds United","D"
"2022","3","2021-08-29","Tottenham Hotspur","1","0","Watford","H"
"2022","3","2021-08-29","Wolverhampton Wanderers","0","1","Manchester United","A"
"2022","4","2021-09-11","Crystal Palace","3","0","Tottenham Hotspur","H"
"2022","4","2021-09-11","Southampton","0","0","West Ham United","D"
"2022","4","2021-09-11","Manchester United","4","1","Newcastle United","H"
"2022","4","2021-09-11","Arsenal","1","0","Norwich City","H"
"2022","4","2021-09-11","Leicester City","0","1","Manchester City","A"
"2022","4","2021-09-11","Watford","0","2","Wolverhampton Wanderers","A"
"2022","4","2021-09-11","Brentford","0","1","Brighton and Hove Albion","A"
"2022","4","2021-09-11","Chelsea","3","0","Aston Villa","H"
"2022","4","2021-09-12","Leeds United","0","3","Liverpool","A"
"2022","4","2021-09-13","Everton","3","1","Burnley","H"
"2022","5","2021-09-17","Newcastle United","1","1","Leeds United","D"
"2022","5","2021-09-18","Wolverhampton Wanderers","0","2","Brentford","A"
"2022","5","2021-09-18","Liverpool","3","0","Crystal Palace","H"
"2022","5","2021-09-18","Norwich City","1","3","Watford","A"
"2022","5","2021-09-18","Manchester City","0","0","Southampton","D"
"2022","5","2021-09-18","Burnley","0","1","Arsenal","A"
"2022","5","2021-09-18","Aston Villa","3","0","Everton","H"
"2022","5","2021-09-19","West Ham United","1","2","Manchester United","A"
"2022","5","2021-09-19","Brighton and Hove Albion","2","1","Leicester City","H"
"2022","5","2021-09-19","Tottenham Hotspur","0","3","Chelsea","A"
"2022","6","2021-09-25","Chelsea","0","1","Manchester City","A"
"2022","6","2021-09-25","Manchester United","0","1","Aston Villa","A"
"2022","6","2021-09-25","Everton","2","0","Norwich City","H"
"2022","6","2021-09-25","Leeds United","1","2","West Ham United","A"
"2022","6","2021-09-25","Watford","1","1","Newcastle United","D"
"2022","6","2021-09-25","Leicester City","2","2","Burnley","D"
"2022","6","2021-09-25","Brentford","3","3","Liverpool","D"
"2022","6","2021-09-26","Southampton","0","1","Wolverhampton Wanderers","A"
"2022","6","2021-09-26","Arsenal","3","1","Tottenham Hotspur","H"
"2022","6","2021-09-27","Crystal Palace","1","1","Brighton and Hove Albion","D"
"2022","7","2021-10-02","Manchester United","1","1","Everton","D"
"2022","7","2021-10-02","Leeds United","1","0","Watford","H"
"2022","7","2021-10-02","Wolverhampton Wanderers","2","1","Newcastle United","H"
"2022","7","2021-10-02","Burnley","0","0","Norwich City","D"
"2022","7","2021-10-02","Chelsea","3","1","Southampton","H"
"2022","7","2021-10-02","Brighton and Hove Albion","0","0","Arsenal","D"
"2022","7","2021-10-03","Crystal Palace","2","2","Leicester City","D"
"2022","7","2021-10-03","West Ham United","1","2","Brentford","A"
"2022","7","2021-10-03","Tottenham Hotspur","2","1","Aston Villa","H"
"2022","7","2021-10-03","Liverpool","2","2","Manchester City","D"
"2022","8","2021-10-16","Watford","0","5","Liverpool","A"
"2022","8","2021-10-16","Leicester City","4","2","Manchester United","H"
"2022","8","2021-10-16","Southampton","1","0","Leeds United","H"
"2022","8","2021-10-16","Manchester City","2","0","Burnley","H"
"2022","8","2021-10-16","Aston Villa","2","3","Wolverhampton Wanderers","A"
"2022","8","2021-10-16","Norwich City","0","0","Brighton and Hove Albion","D"
"2022","8","2021-10-16","Brentford","0","1","Chelsea","A"
"2022","8","2021-10-17","Everton","0","1","West Ham United","A"
"2022","8","2021-10-17","Newcastle United","2","3","Tottenham Hotspur","A"
"2022","8","2021-10-18","Arsenal","2","2","Crystal Palace","D"
"2022","9","2021-10-22","Arsenal","3","1","Aston Villa","H"
"2022","9","2021-10-23","Chelsea","7","0","Norwich City","H"
"2022","9","2021-10-23","Southampton","2","2","Burnley","D"
"2022","9","2021-10-23","Crystal Palace","1","1","Newcastle United","D"
"2022","9","2021-10-23","Everton","2","5","Watford","A"
"2022","9","2021-10-23","Leeds United","1","1","Wolverhampton Wanderers","D"
"2022","9","2021-10-23","Brighton and Hove Albion","1","4","Manchester City","A"
"2022","9","2021-10-24","West Ham United","1","0","Tottenham Hotspur","H"
"2022","9","2021-10-24","Brentford","1","2","Leicester City","A"
"2022","9","2021-10-24","Manchester United","0","5","Liverpool","A"
"2022","10","2021-10-30","Leicester City","0","2","Arsenal","A"
"2022","10","2021-10-30","Watford","0","1","Southampton","A"
"2022","10","2021-10-30","Newcastle United","0","3","Chelsea","A"
"2022","10","2021-10-30","Liverpool","2","2","Brighton and Hove Albion","D"
"2022","10","2021-10-30","Burnley","3","1","Brentford","H"
"2022","10","2021-10-30","Manchester City","0","2","Crystal Palace","A"
"2022","10","2021-10-30","Tottenham Hotspur","0","3","Manchester United","A"
"2022","10","2021-10-31","Norwich City","1","2","Leeds United","A"
"2022","10","2021-10-31","Aston Villa","1","4","West Ham United","A"
"2022","10","2021-11-01","Wolverhampton Wanderers","2","1","Everton","H"
"2022","11","2021-11-05","Southampton","1","0","Aston Villa","H"
"2022","11","2021-11-06","Manchester United","0","2","Manchester City","A"
"2022","11","2021-11-06","Crystal Palace","2","0","Wolverhampton Wanderers","H"
"2022","11","2021-11-06","Chelsea","1","1","Burnley","D"
"2022","11","2021-11-06","Brentford","1","2","Norwich City","A"
"2022","11","2021-11-06","Brighton and Hove Albion","1","1","Newcastle United","D"
"2022","11","2021-11-07","Leeds United","1","1","Leicester City","D"
"2022","11","2021-11-07","Everton","0","0","Tottenham Hotspur","D"
"2022","11","2021-11-07","Arsenal","1","0","Watford","H"
"2022","11","2021-11-07","West Ham United","3","2","Liverpool","H"
"2022","12","2021-11-20","Leicester City","0","3","Chelsea","A"
"2022","12","2021-11-20","Newcastle United","3","3","Brentford","D"
"2022","12","2021-11-20","Aston Villa","2","0","Brighton and Hove Albion","H"
"2022","12","2021-11-20","Watford","4","1","Manchester United","H"
"2022","12","2021-11-20","Norwich City","2","1","Southampton","H"
"2022","12","2021-11-20","Wolverhampton Wanderers","1","0","West Ham United","H"
"2022","12","2021-11-20","Burnley","3","3","Crystal Palace","D"
"2022","12","2021-11-20","Liverpool","4","0","Arsenal","H"
"2022","12","2021-11-21","Manchester City","3","0","Everton","H"
"2022","12","2021-11-21","Tottenham Hotspur","2","1","Leeds United","H"
"2022","13","2021-11-27","Arsenal","2","0","Newcastle United","H"
"2022","13","2021-11-27","Crystal Palace","1","2","Aston Villa","A"
"2022","13","2021-11-27","Norwich City","0","0","Wolverhampton Wanderers","D"
"2022","13","2021-11-27","Liverpool","4","0","Southampton","H"
"2022","13","2021-11-27","Brighton and Hove Albion","0","0","Leeds United","D"
"2022","13","2021-11-28","Brentford","1","0","Everton","H"
"2022","13","2021-11-28","Leicester City","4","2","Watford","H"
"2022","13","2021-11-28","Manchester City","2","1","West Ham United","H"
"2022","13","2021-11-28","Chelsea","1","1","Manchester United","D"
"2022","14","2021-11-30","Newcastle United","1","1","Norwich City","D"
"2022","14","2021-11-30","Leeds United","1","0","Crystal Palace","H"
"2022","14","2021-12-01","Wolverhampton Wanderers","0","0","Burnley","D"
"2022","14","2021-12-01","Southampton","2","2","Leicester City","D"
"2022","14","2021-12-01","Watford","1","2","Chelsea","A"
"2022","14","2021-12-01","West Ham United","1","1","Brighton and Hove Albion","D"
"2022","14","2021-12-01","Everton","1","4","Liverpool","A"
"2022","14","2021-12-01","Aston Villa","1","2","Manchester City","A"
"2022","14","2021-12-02","Tottenham Hotspur","2","0","Brentford","H"
"2022","14","2021-12-02","Manchester United","3","2","Arsenal","H"
"2022","15","2021-12-04","West Ham United","3","2","Chelsea","H"
"2022","15","2021-12-04","Wolverhampton Wanderers","0","1","Liverpool","A"
"2022","15","2021-12-04","Southampton","1","1","Brighton and Hove Albion","D"
"2022","15","2021-12-04","Newcastle United","1","0","Burnley","H"
"2022","15","2021-12-04","Watford","1","3","Manchester City","A"
"2022","15","2021-12-05","Tottenham Hotspur","3","0","Norwich City","H"
"2022","15","2021-12-05","Manchester United","1","0","Crystal Palace","H"
"2022","15","2021-12-05","Leeds United","2","2","Brentford","D"
"2022","15","2021-12-05","Aston Villa","2","1","Leicester City","H"
"2022","15","2021-12-06","Everton","2","1","Arsenal","H"
"2022","16","2021-12-10","Brentford","2","1","Watford","H"
"2022","16","2021-12-11","Manchester City","1","0","Wolverhampton Wanderers","H"
"2022","16","2021-12-11","Liverpool","1","0","Aston Villa","H"
"2022","16","2021-12-11","Chelsea","3","2","Leeds United","H"
"2022","16","2021-12-11","Arsenal","3","0","Southampton","H"
"2022","16","2021-12-11","Norwich City","0","1","Manchester United","A"
"2022","16","2021-12-12","Burnley","0","0","West Ham United","D"
"2022","16","2021-12-12","Leicester City","4","0","Newcastle United","H"
"2022","16","2021-12-12","Crystal Palace","3","1","Everton","H"
"2022","17","2021-12-14","Norwich City","0","2","Aston Villa","A"
"2022","17","2021-12-14","Manchester City","7","0","Leeds United","H"
"2022","17","2021-12-15","Crystal Palace","2","2","Southampton","D"
"2022","17","2021-12-15","Brighton and Hove Albion","0","1","Wolverhampton Wanderers","A"
"2022","17","2021-12-15","Arsenal","2","0","West Ham United","H"
"2022","17","2021-12-16","Chelsea","1","1","Everton","D"
"2022","17","2021-12-16","Liverpool","3","1","Newcastle United","H"
"2022","18","2021-12-18","Leeds United","1","4","Arsenal","A"
"2022","18","2021-12-19","Wolverhampton Wanderers","0","0","Chelsea","D"
"2022","18","2021-12-19","Newcastle United","0","4","Manchester City","A"
"2022","18","2021-12-19","Tottenham Hotspur","2","2","Liverpool","D"
"2022","19","2021-12-26","West Ham United","2","3","Southampton","A"
"2022","19","2021-12-26","Manchester City","6","3","Leicester City","H"
"2022","19","2021-12-26","Norwich City","0","5","Arsenal","A"
"2022","19","2021-12-26","Tottenham Hotspur","3","0","Crystal Palace","H"
"2022","19","2021-12-26","Aston Villa","1","3","Chelsea","A"
"2022","19","2021-12-26","Brighton and Hove Albion","2","0","Brentford","H"
"2022","19","2021-12-27","Newcastle United","1","1","Manchester United","D"
"2022","20","2021-12-28","Southampton","1","1","Tottenham Hotspur","D"
"2022","20","2021-12-28","Crystal Palace","3","0","Norwich City","H"
"2022","20","2021-12-28","Watford","1","4","West Ham United","A"
"2022","20","2021-12-28","Leicester City","1","0","Liverpool","H"
"2022","20","2021-12-29","Chelsea","1","1","Brighton and Hove Albion","D"
"2022","20","2021-12-29","Brentford","0","1","Manchester City","A"
"2022","20","2021-12-30","Manchester United","3","1","Burnley","H"
"2022","21","2022-01-01","Arsenal","1","2","Manchester City","A"
"2022","21","2022-01-01","Watford","0","1","Tottenham Hotspur","A"
"2022","21","2022-01-01","Crystal Palace","2","3","West Ham United","A"
"2022","21","2022-01-02","Leeds United","3","1","Burnley","H"
"2022","21","2022-01-02","Everton","2","3","Brighton and Hove Albion","A"
"2022","21","2022-01-02","Brentford","2","1","Aston Villa","H"
"2022","21","2022-01-02","Chelsea","2","2","Liverpool","D"
"2022","21","2022-01-03","Manchester United","0","1","Wolverhampton Wanderers","A"
"2022","18","2022-01-11","Southampton","4","1","Brentford","H"
"2022","18","2022-01-12","West Ham United","2","0","Norwich City","H"
"2022","22","2022-01-14","Brighton and Hove Albion","1","1","Crystal Palace","D"
"2022","22","2022-01-15","Manchester City","1","0","Chelsea","H"
"2022","22","2022-01-15","Newcastle United","1","1","Watford","D"
"2022","22","2022-01-15","Wolverhampton Wanderers","3","1","Southampton","H"
"2022","22","2022-01-15","Norwich City","2","1","Everton","H"
"2022","22","2022-01-15","Aston Villa","2","2","Manchester United","D"
"2022","22","2022-01-16","West Ham United","2","3","Leeds United","A"
"2022","22","2022-01-16","Liverpool","3","0","Brentford","H"
"2022","24","2022-01-18","Brighton and Hove Albion","1","1","Chelsea","D"
"2022","17","2022-01-19","Leicester City","2","3","Tottenham Hotspur","A"
"2022","17","2022-01-19","Brentford","1","3","Manchester United","A"
"2022","23","2022-01-21","Watford","0","3","Norwich City","A"
"2022","23","2022-01-22","Everton","0","1","Aston Villa","A"
"2022","23","2022-01-22","Manchester United","1","0","West Ham United","H"
"2022","23","2022-01-22","Brentford","1","2","Wolverhampton Wanderers","A"
"2022","23","2022-01-22","Leeds United","0","1","Newcastle United","A"
"2022","23","2022-01-22","Southampton","1","1","Manchester City","D"
"2022","23","2022-01-23","Leicester City","1","1","Brighton and Hove Albion","D"
"2022","23","2022-01-23","Crystal Palace","1","3","Liverpool","A"
"2022","23","2022-01-23","Arsenal","0","0","Burnley","D"
"2022","23","2022-01-23","Chelsea","2","0","Tottenham Hotspur","H"
"2022","17","2022-02-05","Burnley","0","0","Watford","D"
"2022","24","2022-02-08","Newcastle United","3","1","Everton","H"
"2022","24","2022-02-08","West Ham United","1","0","Watford","H"
"2022","24","2022-02-08","Burnley","1","1","Manchester United","D"
"2022","24","2022-02-09","Tottenham Hotspur","2","3","Southampton","A"
"2022","24","2022-02-09","Manchester City","2","0","Brentford","H"
"2022","24","2022-02-09","Norwich City","1","1","Crystal Palace","D"
"2022","24","2022-02-09","Aston Villa","3","3","Leeds United","D"
"2022","24","2022-02-10","Wolverhampton Wanderers","0","1","Arsenal","A"
"2022","24","2022-02-10","Liverpool","2","0","Leicester City","H"
"2022","25","2022-02-12","Manchester United","1","1","Southampton","D"
"2022","25","2022-02-12","Brentford","0","0","Crystal Palace","D"
"2022","25","2022-02-12","Everton","3","0","Leeds United","H"
"2022","25","2022-02-12","Watford","0","2","Brighton and Hove Albion","A"
"2022","25","2022-02-12","Norwich City","0","4","Manchester City","A"
"2022","25","2022-02-13","Tottenham Hotspur","0","2","Wolverhampton Wanderers","A"
"2022","25","2022-02-13","Burnley","0","1","Liverpool","A"
"2022","25","2022-02-13","Newcastle United","1","0","Aston Villa","H"
"2022","25","2022-02-13","Leicester City","2","2","West Ham United","D"
"2022","18","2022-02-15","Manchester United","2","0","Brighton and Hove Albion","H"
"2022","26","2022-02-19","West Ham United","1","1","Newcastle United","D"
"2022","26","2022-02-19","Aston Villa","0","1","Watford","A"
"2022","26","2022-02-19","Liverpool","3","1","Norwich City","H"
"2022","26","2022-02-19","Crystal Palace","0","1","Chelsea","A"
"2022","26","2022-02-19","Arsenal","2","1","Brentford","H"
"2022","26","2022-02-19","Southampton","2","0","Everton","H"
"2022","26","2022-02-19","Brighton and Hove Albion","0","3","Burnley","A"
"2022","26","2022-02-19","Manchester City","2","3","Tottenham Hotspur","A"
"2022","26","2022-02-20","Leeds United","2","4","Manchester United","A"
"2022","26","2022-02-20","Wolverhampton Wanderers","2","1","Leicester City","H"
"2022","13","2022-02-23","Burnley","1","0","Tottenham Hotspur","H"
"2022","18","2022-02-23","Watford","1","4","Crystal Palace","A"
"2022","19","2022-02-23","Liverpool","6","0","Leeds United","H"
"2022","20","2022-02-24","Arsenal","2","1","Wolverhampton Wanderers","H"
"2022","27","2022-02-25","Southampton","2","0","Norwich City","H"
"2022","27","2022-02-26","Leeds United","0","4","Tottenham Hotspur","A"
"2022","27","2022-02-26","Crystal Palace","1","1","Burnley","D"
"2022","27","2022-02-26","Brighton and Hove Albion","0","2","Aston Villa","A"
"2022","27","2022-02-26","Manchester United","0","0","Watford","D"
"2022","27","2022-02-26","Brentford","0","2","Newcastle United","A"
"2022","27","2022-02-26","Everton","0","1","Manchester City","A"
"2022","27","2022-02-27","West Ham United","1","0","Wolverhampton Wanderers","H"
"2022","22","2022-03-01","Burnley","0","2","Leicester City","A"
"2022","28","2022-03-05","Leicester City","1","0","Leeds United","H"
"2022","28","2022-03-05","Wolverhampton Wanderers","0","2","Crystal Palace","A"
"2022","28","2022-03-05","Aston Villa","4","0","Southampton","H"
"2022","28","2022-03-05","Newcastle United","2","1","Brighton and Hove Albion","H"
"2022","28","2022-03-05","Norwich City","1","3","Brentford","A"
"2022","28","2022-03-05","Burnley","0","4","Chelsea","A"
"2022","28","2022-03-05","Liverpool","1","0","West Ham United","H"
"2022","28","2022-03-06","Watford","2","3","Arsenal","A"
"2022","28","2022-03-06","Manchester City","4","1","Manchester United","H"
"2022","28","2022-03-07","Tottenham Hotspur","5","0","Everton","H"
"2022","19","2022-03-10","Wolverhampton Wanderers","4","0","Watford","H"
"2022","20","2022-03-10","Leeds United","0","3","Aston Villa","A"
"2022","21","2022-03-10","Southampton","1","2","Newcastle United","A"
"2022","30","2022-03-10","Norwich City","1","3","Chelsea","A"
"2022","29","2022-03-12","Brighton and Hove Albion","0","2","Liverpool","A"
"2022","29","2022-03-12","Brentford","2","0","Burnley","H"
"2022","29","2022-03-12","Manchester United","3","2","Tottenham Hotspur","H"
"2022","29","2022-03-13","Leeds United","2","1","Norwich City","H"
"2022","29","2022-03-13","Chelsea","1","0","Newcastle United","H"
"2022","29","2022-03-13","West Ham United","2","1","Aston Villa","H"
"2022","29","2022-03-13","Southampton","1","2","Watford","A"
"2022","29","2022-03-13","Everton","0","1","Wolverhampton Wanderers","A"
"2022","29","2022-03-13","Arsenal","2","0","Leicester City","H"
"2022","29","2022-03-14","Crystal Palace","0","0","Manchester City","D"
"2022","16","2022-03-16","Brighton and Hove Albion","0","2","Tottenham Hotspur","A"
"2022","27","2022-03-16","Arsenal","0","2","Liverpool","A"
"2022","20","2022-03-17","Everton","1","0","Newcastle United","H"
"2022","30","2022-03-18","Wolverhampton Wanderers","2","3","Leeds United","A"
"2022","30","2022-03-19","Aston Villa","0","1","Arsenal","A"
"2022","30","2022-03-20","Leicester City","2","1","Brentford","H"
"2022","30","2022-03-20","Tottenham Hotspur","3","1","West Ham United","H"
"2022","31","2022-04-02","Liverpool","2","0","Watford","H"
"2022","31","2022-04-02","Leeds United","1","1","Southampton","D"
"2022","31","2022-04-02","Burnley","0","2","Manchester City","A"
"2022","31","2022-04-02","Wolverhampton Wanderers","2","1","Aston Villa","H"
"2022","31","2022-04-02","Chelsea","1","4","Brentford","A"
"2022","31","2022-04-02","Brighton and Hove Albion","0","0","Norwich City","D"
"2022","31","2022-04-02","Manchester United","1","1","Leicester City","D"
"2022","31","2022-04-03","West Ham United","2","1","Everton","H"
"2022","31","2022-04-03","Tottenham Hotspur","5","1","Newcastle United","H"
"2022","31","2022-04-04","Crystal Palace","3","0","Arsenal","H"
"2022","19","2022-04-06","Burnley","3","2","Everton","H"
"2022","32","2022-04-08","Newcastle United","1","0","Wolverhampton Wanderers","H"
"2022","32","2022-04-09","Everton","1","0","Manchester United","H"
"2022","32","2022-04-09","Arsenal","1","2","Brighton and Hove Albion","A"
"2022","32","2022-04-09","Southampton","0","6","Chelsea","A"
"2022","32","2022-04-09","Watford","0","3","Leeds United","A"
"2022","32","2022-04-09","Aston Villa","0","4","Tottenham Hotspur","A"
"2022","32","2022-04-10","Norwich City","2","0","Burnley","H"
"2022","32","2022-04-10","Brentford","2","0","West Ham United","H"
"2022","32","2022-04-10","Leicester City","2","1","Crystal Palace","H"
"2022","32","2022-04-10","Manchester City","2","2","Liverpool","D"
"2022","33","2022-04-16","Tottenham Hotspur","0","1","Brighton and Hove Albion","A"
"2022","33","2022-04-16","Manchester United","3","2","Norwich City","H"
"2022","33","2022-04-16","Southampton","1","0","Arsenal","H"
"2022","33","2022-04-16","Watford","1","2","Brentford","A"
"2022","33","2022-04-17","West Ham United","1","1","Burnley","D"
"2022","33","2022-04-17","Newcastle United","2","1","Leicester City","H"
"2022","30","2022-04-19","Liverpool","4","0","Manchester United","H"
"2022","18","2022-04-20","Everton","1","1","Leicester City","D"
"2022","25","2022-04-20","Chelsea","2","4","Arsenal","A"
"2022","30","2022-04-20","Newcastle United","1","0","Crystal Palace","H"
"2022","30","2022-04-20","Manchester City","3","0","Brighton and Hove Albion","H"
"2022","30","2022-04-21","Burnley","2","0","Southampton","H"
"2022","34","2022-04-23","Arsenal","3","1","Manchester United","H"
"2022","34","2022-04-23","Manchester City","5","1","Watford","H"
"2022","34","2022-04-23","Leicester City","0","0","Aston Villa","D"
"2022","34","2022-04-23","Norwich City","0","3","Newcastle United","A"
"2022","34","2022-04-23","Brentford","0","0","Tottenham Hotspur","D"
"2022","34","2022-04-24","Chelsea","1","0","West Ham United","H"
"2022","34","2022-04-24","Burnley","1","0","Wolverhampton Wanderers","H"
"2022","34","2022-04-24","Brighton and Hove Albion","2","2","Southampton","D"
"2022","34","2022-04-24","Liverpool","2","0","Everton","H"
"2022","34","2022-04-25","Crystal Palace","0","0","Leeds United","D"
"2022","37","2022-04-28","Manchester United","1","1","Chelsea","D"
"2022","35","2022-04-30","Newcastle United","0","1","Liverpool","A"
"2022","35","2022-04-30","Watford","1","2","Burnley","A"
"2022","35","2022-04-30","Southampton","1","2","Crystal Palace","A"
"2022","35","2022-04-30","Wolverhampton Wanderers","0","3","Brighton and Hove Albion","A"
"2022","35","2022-04-30","Aston Villa","2","0","Norwich City","H"
"2022","35","2022-04-30","Leeds United","0","4","Manchester City","A"
"2022","35","2022-05-01","Tottenham Hotspur","3","1","Leicester City","H"
"2022","35","2022-05-01","Everton","1","0","Chelsea","H"
"2022","35","2022-05-01","West Ham United","1","2","Arsenal","A"
"2022","35","2022-05-02","Manchester United","3","0","Brentford","H"
"2022","36","2022-05-07","Chelsea","2","2","Wolverhampton Wanderers","D"
"2022","36","2022-05-07","Brentford","3","0","Southampton","H"
"2022","36","2022-05-07","Crystal Palace","1","0","Watford","H"
"2022","36","2022-05-07","Burnley","1","3","Aston Villa","A"
"2022","36","2022-05-07","Brighton and Hove Albion","4","0","Manchester United","H"
"2022","36","2022-05-07","Liverpool","1","1","Tottenham Hotspur","D"
"2022","36","2022-05-08","Norwich City","0","4","West Ham United","A"
"2022","36","2022-05-08","Arsenal","2","1","Leeds United","H"
"2022","36","2022-05-08","Leicester City","1","2","Everton","A"
"2022","36","2022-05-08","Manchester City","5","0","Newcastle United","H"
"2022","33","2022-05-10","Aston Villa","1","2","Liverpool","A"
"2022","21","2022-05-11","Leicester City","3","0","Norwich City","H"
"2022","30","2022-05-11","Watford","0","0","Everton","D"
"2022","33","2022-05-11","Leeds United","0","3","Chelsea","A"
"2022","33","2022-05-11","Wolverhampton Wanderers","1","5","Manchester City","A"
"2022","22","2022-05-12","Tottenham Hotspur","3","0","Arsenal","H"
"2022","37","2022-05-15","Tottenham Hotspur","1","0","Burnley","H"
"2022","37","2022-05-15","Watford","1","5","Leicester City","A"
"2022","37","2022-05-15","West Ham United","2","2","Manchester City","D"
"2022","37","2022-05-15","Leeds United","1","1","Brighton and Hove Albion","D"
"2022","37","2022-05-15","Wolverhampton Wanderers","1","1","Norwich City","D"
"2022","37","2022-05-15","Aston Villa","1","1","Crystal Palace","D"
"2022","37","2022-05-15","Everton","2","3","Brentford","A"
"2022","37","2022-05-16","Newcastle United","2","0","Arsenal","H"
"2022","37","2022-05-17","Southampton","1","2","Liverpool","A"
"2022","18","2022-05-19","Aston Villa","1","1","Burnley","D"
"2022","27","2022-05-19","Chelsea","1","1","Leicester City","D"
"2022","33","2022-05-19","Everton","3","2","Crystal Palace","H"
"2022","38","2022-05-22","Brighton and Hove Albion","3","1","West Ham United","H"
"2022","38","2022-05-22","Brentford","1","2","Leeds United","A"
"2022","38","2022-05-22","Leicester City","4","1","Southampton","H"
"2022","38","2022-05-22","Arsenal","5","1","Everton","H"
"2022","38","2022-05-22","Crystal Palace","1","0","Manchester United","H"
"2022","38","2022-05-22","Norwich City","0","5","Tottenham Hotspur","A"
"2022","38","2022-05-22","Burnley","1","2","Newcastle United","A"
"2022","38","2022-05-22","Liverpool","3","1","Wolverhampton Wanderers","H"
"2022","38","2022-05-22","Manchester City","3","2","Aston Villa","H"
"2022","38","2022-05-22","Chelsea","2","1","Watford","H"
"2023","1","2022-08-05","Crystal Palace","0","2","Arsenal","A"
"2023","1","2022-08-06","Fulham","2","2","Liverpool","D"
"2023","1","2022-08-06","Tottenham Hotspur","4","1","Southampton","H"
"2023","1","2022-08-06","Newcastle United","2","0","Nottingham Forest","H"
"2023","1","2022-08-06","Leeds United","2","1","Wolverhampton Wanderers","H"
"2023","1","2022-08-06","AFC Bournemouth","2","0","Aston Villa","H"
"2023","1","2022-08-06","Everton","0","1","Chelsea","A"
"2023","1","2022-08-07","Leicester City","2","2","Brentford","D"
"2023","1","2022-08-07","Manchester United","1","2","Brighton and Hove Albion","A"
"2023","1","2022-08-07","West Ham United","0","2","Manchester City","A"
"2023","2","2022-08-13","Aston Villa","2","1","Everton","H"
"2023","2","2022-08-13","Manchester City","4","0","AFC Bournemouth","H"
"2023","2","2022-08-13","Southampton","2","2","Leeds United","D"
"2023","2","2022-08-13","Wolverhampton Wanderers","0","0","Fulham","D"
"2023","2","2022-08-13","Arsenal","4","2","Leicester City","H"
"2023","2","2022-08-13","Brighton and Hove Albion","0","0","Newcastle United","D"
"2023","2","2022-08-13","Brentford","4","0","Manchester United","H"
"2023","2","2022-08-14","Nottingham Forest","1","0","West Ham United","H"
"2023","2","2022-08-14","Chelsea","2","2","Tottenham Hotspur","D"
"2023","2","2022-08-15","Liverpool","1","1","Crystal Palace","D"
"2023","3","2022-08-20","Tottenham Hotspur","1","0","Wolverhampton Wanderers","H"
"2023","3","2022-08-20","Leicester City","1","2","Southampton","A"
"2023","3","2022-08-20","Everton","1","1","Nottingham Forest","D"
"2023","3","2022-08-20","Crystal Palace","3","1","Aston Villa","H"
"2023","3","2022-08-20","Fulham","3","2","Brentford","H"
"2023","3","2022-08-20","AFC Bournemouth","0","3","Arsenal","A"
"2023","3","2022-08-21","Leeds United","3","0","Chelsea","H"
"2023","3","2022-08-21","West Ham United","0","2","Brighton and Hove Albion","A"
"2023","3","2022-08-21","Newcastle United","3","3","Manchester City","D"
"2023","3","2022-08-22","Manchester United","2","1","Liverpool","H"
"2023","4","2022-08-27","Southampton","0","1","Manchester United","A"
"2023","4","2022-08-27","Manchester City","4","2","Crystal Palace","H"
"2023","4","2022-08-27","Brighton and Hove Albion","1","0","Leeds United","H"
"2023","4","2022-08-27","Chelsea","2","1","Leicester City","H"
"2023","4","2022-08-27","Brentford","1","1","Everton","D"
"2023","4","2022-08-27","Liverpool","9","0","AFC Bournemouth","H"
"2023","4","2022-08-27","Arsenal","2","1","Fulham","H"
"2023","4","2022-08-28","Wolverhampton Wanderers","1","1","Newcastle United","D"
"2023","4","2022-08-28","Aston Villa","0","1","West Ham United","A"
"2023","4","2022-08-28","Nottingham Forest","0","2","Tottenham Hotspur","A"
"2023","5","2022-08-30","Fulham","2","1","Brighton and Hove Albion","H"
"2023","5","2022-08-30","Crystal Palace","1","1","Brentford","D"
"2023","5","2022-08-30","Southampton","2","1","Chelsea","H"
"2023","5","2022-08-30","Leeds United","1","1","Everton","D"
"2023","5","2022-08-31","AFC Bournemouth","0","0","Wolverhampton Wanderers","D"
"2023","5","2022-08-31","Manchester City","6","0","Nottingham Forest","H"
"2023","5","2022-08-31","Arsenal","2","1","Aston Villa","H"
"2023","5","2022-08-31","West Ham United","1","1","Tottenham Hotspur","D"
"2023","5","2022-08-31","Liverpool","2","1","Newcastle United","H"
"2023","5","2022-09-01","Leicester City","0","1","Manchester United","A"
"2023","6","2022-09-03","Everton","0","0","Liverpool","D"
"2023","6","2022-09-03","Nottingham Forest","2","3","AFC Bournemouth","A"
"2023","6","2022-09-03","Wolverhampton Wanderers","1","0","Southampton","H"
"2023","6","2022-09-03","Newcastle United","0","0","Crystal Palace","D"
"2023","6","2022-09-03","Brentford","5","2","Leeds United","H"
"2023","6","2022-09-03","Tottenham Hotspur","2","1","Fulham","H"
"2023","6","2022-09-03","Chelsea","2","1","West Ham United","H"
"2023","6","2022-09-03","Aston Villa","1","1","Manchester City","D"
"2023","6","2022-09-04","Brighton and Hove Albion","5","2","Leicester City","H"
"2023","6","2022-09-04","Manchester United","3","1","Arsenal","H"
"2023","8","2022-09-16","Aston Villa","1","0","Southampton","H"
"2023","8","2022-09-16","Nottingham Forest","2","3","Fulham","A"
"2023","8","2022-09-17","Wolverhampton Wanderers","0","3","Manchester City","A"
"2023","8","2022-09-17","Newcastle United","1","1","AFC Bournemouth","D"
"2023","8","2022-09-17","Tottenham Hotspur","6","2","Leicester City","H"
"2023","8","2022-09-18","Brentford","0","3","Arsenal","A"
"2023","8","2022-09-18","Everton","1","0","West Ham United","H"
"2023","9","2022-10-01","Arsenal","3","1","Tottenham Hotspur","H"
"2023","9","2022-10-01","Southampton","1","2","Everton","A"
"2023","9","2022-10-01","Crystal Palace","1","2","Chelsea","A"
"2023","9","2022-10-01","Liverpool","3","3","Brighton and Hove Albion","D"
"2023","9","2022-10-01","Fulham","1","4","Newcastle United","A"
"2023","9","2022-10-01","AFC Bournemouth","0","0","Brentford","D"
"2023","9","2022-10-01","West Ham United","2","0","Wolverhampton Wanderers","H"
"2023","9","2022-10-02","Manchester City","6","3","Manchester United","H"
"2023","9","2022-10-02","Leeds United","0","0","Aston Villa","D"
"2023","9","2022-10-03","Leicester City","4","0","Nottingham Forest","H"
"2023","10","2022-10-08","AFC Bournemouth","2","1","Leicester City","H"
"2023","10","2022-10-08","Newcastle United","5","1","Brentford","H"
"2023","10","2022-10-08","Manchester City","4","0","Southampton","H"
"2023","10","2022-10-08","Chelsea","3","0","Wolverhampton Wanderers","H"
"2023","10","2022-10-08","Brighton and Hove Albion","0","1","Tottenham Hotspur","A"
"2023","10","2022-10-09","West Ham United","3","1","Fulham","H"
"2023","10","2022-10-09","Crystal Palace","2","1","Leeds United","H"
"2023","10","2022-10-09","Arsenal","3","2","Liverpool","H"
"2023","10","2022-10-09","Everton","1","2","Manchester United","A"
"2023","10","2022-10-10","Nottingham Forest","1","1","Aston Villa","D"
"2023","11","2022-10-14","Brentford","2","0","Brighton and Hove Albion","H"
"2023","11","2022-10-15","Leicester City","0","0","Crystal Palace","D"
"2023","11","2022-10-15","Fulham","2","2","AFC Bournemouth","D"
"2023","11","2022-10-15","Wolverhampton Wanderers","1","0","Nottingham Forest","H"
"2023","11","2022-10-15","Tottenham Hotspur","2","0","Everton","H"
"2023","11","2022-10-16","Southampton","1","1","West Ham United","D"
"2023","11","2022-10-16","Aston Villa","0","2","Chelsea","A"
"2023","11","2022-10-16","Leeds United","0","1","Arsenal","A"
"2023","11","2022-10-16","Manchester United","0","0","Newcastle United","D"
"2023","11","2022-10-16","Liverpool","1","0","Manchester City","H"
"2023","12","2022-10-18","Brighton and Hove Albion","0","0","Nottingham Forest","D"
"2023","12","2022-10-18","Crystal Palace","2","1","Wolverhampton Wanderers","H"
"2023","12","2022-10-19","AFC Bournemouth","0","1","Southampton","A"
"2023","12","2022-10-19","Brentford","0","0","Chelsea","D"
"2023","12","2022-10-19","Liverpool","1","0","West Ham United","H"
"2023","12","2022-10-19","Newcastle United","1","0","Everton","H"
"2023","12","2022-10-19","Manchester United","2","0","Tottenham Hotspur","H"
"2023","12","2022-10-20","Fulham","3","0","Aston Villa","H"
"2023","12","2022-10-20","Leicester City","2","0","Leeds United","H"
"2023","13","2022-10-22","Nottingham Forest","1","0","Liverpool","H"
"2023","13","2022-10-22","Everton","3","0","Crystal Palace","H"
"2023","13","2022-10-22","Manchester City","3","1","Brighton and Hove Albion","H"
"2023","13","2022-10-22","Chelsea","1","1","Manchester United","D"
"2023","13","2022-10-23","Aston Villa","4","0","Brentford","H"
"2023","13","2022-10-23","Wolverhampton Wanderers","0","4","Leicester City","A"
"2023","13","2022-10-23","Leeds United","2","3","Fulham","A"
"2023","13","2022-10-23","Southampton","1","1","Arsenal","D"
"2023","13","2022-10-23","Tottenham Hotspur","1","2","Newcastle United","A"
"2023","13","2022-10-24","West Ham United","2","0","AFC Bournemouth","H"
"2023","14","2022-10-29","Leicester City","0","1","Manchester City","A"
"2023","14","2022-10-29","Brentford","1","1","Wolverhampton Wanderers","D"
"2023","14","2022-10-29","Crystal Palace","1","0","Southampton","H"
"2023","14","2022-10-29","Newcastle United","4","0","Aston Villa","H"
"2023","14","2022-10-29","Brighton and Hove Albion","4","1","Chelsea","H"
"2023","14","2022-10-29","AFC Bournemouth","2","3","Tottenham Hotspur","A"
"2023","14","2022-10-29","Fulham","0","0","Everton","D"
"2023","14","2022-10-29","Liverpool","1","2","Leeds United","A"
"2023","14","2022-10-30","Arsenal","5","0","Nottingham Forest","H"
"2023","14","2022-10-30","Manchester United","1","0","West Ham United","H"
"2023","15","2022-11-05","Nottingham Forest","2","2","Brentford","D"
"2023","15","2022-11-05","Leeds United","4","3","AFC Bournemouth","H"
"2023","15","2022-11-05","Manchester City","2","1","Fulham","H"
"2023","15","2022-11-05","Wolverhampton Wanderers","2","3","Brighton and Hove Albion","A"
"2023","15","2022-11-05","Everton","0","2","Leicester City","A"
"2023","15","2022-11-06","Chelsea","0","1","Arsenal","A"
"2023","15","2022-11-06","West Ham United","1","2","Crystal Palace","A"
"2023","15","2022-11-06","Southampton","1","4","Newcastle United","A"
"2023","15","2022-11-06","Aston Villa","3","1","Manchester United","H"
"2023","15","2022-11-06","Tottenham Hotspur","1","2","Liverpool","A"
"2023","16","2022-11-12","Manchester City","1","2","Brentford","A"
"2023","16","2022-11-12","Tottenham Hotspur","4","3","Leeds United","H"
"2023","16","2022-11-12","Liverpool","3","1","Southampton","H"
"2023","16","2022-11-12","AFC Bournemouth","3","0","Everton","H"
"2023","16","2022-11-12","West Ham United","0","2","Leicester City","A"
"2023","16","2022-11-12","Nottingham Forest","1","0","Crystal Palace","H"
"2023","16","2022-11-12","Newcastle United","1","0","Chelsea","H"
"2023","16","2022-11-12","Wolverhampton Wanderers","0","2","Arsenal","A"
"2023","16","2022-11-13","Brighton and Hove Albion","1","2","Aston Villa","A"
"2023","16","2022-11-13","Fulham","1","2","Manchester United","A"
"2023","17","2022-12-26","Brentford","2","2","Tottenham Hotspur","D"
"2023","17","2022-12-26","Southampton","1","3","Brighton and Hove Albion","A"
"2023","17","2022-12-26","Leicester City","0","3","Newcastle United","A"
"2023","17","2022-12-26","Crystal Palace","0","3","Fulham","A"
"2023","17","2022-12-26","Everton","1","2","Wolverhampton Wanderers","A"
"2023","17","2022-12-26","Aston Villa","1","3","Liverpool","A"
"2023","17","2022-12-26","Arsenal","3","1","West Ham United","H"
"2023","17","2022-12-27","Chelsea","2","0","AFC Bournemouth","H"
"2023","17","2022-12-27","Manchester United","3","0","Nottingham Forest","H"
"2023","17","2022-12-28","Leeds United","1","3","Manchester City","A"
"2023","18","2022-12-30","West Ham United","0","2","Brentford","A"
"2023","18","2022-12-30","Liverpool","2","1","Leicester City","H"
"2023","18","2022-12-31","Wolverhampton Wanderers","0","1","Manchester United","A"
"2023","18","2022-12-31","Newcastle United","0","0","Leeds United","D"
"2023","18","2022-12-31","Fulham","2","1","Southampton","H"
"2023","18","2022-12-31","Manchester City","1","1","Everton","D"
"2023","18","2022-12-31","AFC Bournemouth","0","2","Crystal Palace","A"
"2023","18","2022-12-31","Brighton and Hove Albion","2","4","Arsenal","A"
"2023","18","2023-01-01","Tottenham Hotspur","0","2","Aston Villa","A"
"2023","18","2023-01-01","Nottingham Forest","1","1","Chelsea","D"
"2023","19","2023-01-02","Brentford","3","1","Liverpool","H"
"2023","19","2023-01-03","Leicester City","0","1","Fulham","A"
"2023","19","2023-01-03","Everton","1","4","Brighton and Hove Albion","A"
"2023","19","2023-01-03","Arsenal","0","0","Newcastle United","D"
"2023","19","2023-01-03","Manchester United","3","0","AFC Bournemouth","H"
"2023","19","2023-01-04","Southampton","0","1","Nottingham Forest","A"
"2023","19","2023-01-04","Leeds United","2","2","West Ham United","D"
"2023","19","2023-01-04","Aston Villa","1","1","Wolverhampton Wanderers","D"
"2023","19","2023-01-04","Crystal Palace","0","4","Tottenham Hotspur","A"
"2023","19","2023-01-05","Chelsea","0","1","Manchester City","A"
"2023","7","2023-01-12","Fulham","2","1","Chelsea","H"
"2023","20","2023-01-13","Aston Villa","2","1","Leeds United","H"
"2023","20","2023-01-14","Manchester United","2","1","Manchester City","H"
"2023","20","2023-01-14","Everton","1","2","Southampton","A"
"2023","20","2023-01-14","Wolverhampton Wanderers","1","0","West Ham United","H"
"2023","20","2023-01-14","Nottingham Forest","2","0","Leicester City","H"
"2023","20","2023-01-14","Brighton and Hove Albion","3","0","Liverpool","H"
"2023","20","2023-01-14","Brentford","2","0","AFC Bournemouth","H"
"2023","20","2023-01-15","Chelsea","1","0","Crystal Palace","H"
"2023","20","2023-01-15","Newcastle United","1","0","Fulham","H"
"2023","20","2023-01-15","Tottenham Hotspur","0","2","Arsenal","A"
"2023","7","2023-01-18","Crystal Palace","1","1","Manchester United","D"
"2023","7","2023-01-19","Manchester City","4","2","Tottenham Hotspur","H"
"2023","21","2023-01-21","Liverpool","0","0","Chelsea","D"
"2023","21","2023-01-21","AFC Bournemouth","1","1","Nottingham Forest","D"
"2023","21","2023-01-21","Southampton","0","1","Aston Villa","A"
"2023","21","2023-01-21","Leicester City","2","2","Brighton and Hove Albion","D"
"2023","21","2023-01-21","West Ham United","2","0","Everton","H"
"2023","21","2023-01-21","Crystal Palace","0","0","Newcastle United","D"
"2023","21","2023-01-22","Manchester City","3","0","Wolverhampton Wanderers","H"
"2023","21","2023-01-22","Leeds United","0","0","Brentford","D"
"2023","21","2023-01-22","Arsenal","3","2","Manchester United","H"
"2023","21","2023-01-23","Fulham","0","1","Tottenham Hotspur","A"
"2023","22","2023-02-03","Chelsea","0","0","Fulham","D"
"2023","22","2023-02-04","Everton","1","0","Arsenal","H"
"2023","22","2023-02-04","Aston Villa","2","4","Leicester City","A"
"2023","22","2023-02-04","Wolverhampton Wanderers","3","0","Liverpool","H"
"2023","22","2023-02-04","Manchester United","2","1","Crystal Palace","H"
"2023","22","2023-02-04","Brighton and Hove Albion","1","0","AFC Bournemouth","H"
"2023","22","2023-02-04","Brentford","3","0","Southampton","H"
"2023","22","2023-02-04","Newcastle United","1","1","West Ham United","D"
"2023","22","2023-02-05","Nottingham Forest","1","0","Leeds United","H"
"2023","22","2023-02-05","Tottenham Hotspur","1","0","Manchester City","H"
"2023","8","2023-02-08","Manchester United","2","2","Leeds United","D"
"2023","23","2023-02-11","West Ham United","1","1","Chelsea","D"
"2023","23","2023-02-11","Leicester City","4","1","Tottenham Hotspur","H"
"2023","23","2023-02-11","Crystal Palace","1","1","Brighton and Hove Albion","D"
"2023","23","2023-02-11","Arsenal","1","1","Brentford","D"
"2023","23","2023-02-11","Southampton","1","2","Wolverhampton Wanderers","A"
"2023","23","2023-02-11","Fulham","2","0","Nottingham Forest","H"
"2023","23","2023-02-11","AFC Bournemouth","1","1","Newcastle United","D"
"2023","23","2023-02-12","Leeds United","0","2","Manchester United","A"
"2023","23","2023-02-12","Manchester City","3","1","Aston Villa","H"
"2023","23","2023-02-13","Liverpool","2","0","Everton","H"
"2023","12","2023-02-15","Arsenal","1","3","Manchester City","A"
"2023","24","2023-02-18","Aston Villa","2","4","Arsenal","A"
"2023","24","2023-02-18","Brighton and Hove Albion","0","1","Fulham","A"
"2023","24","2023-02-18","Nottingham Forest","1","1","Manchester City","D"
"2023","24","2023-02-18","Chelsea","0","1","Southampton","A"
"2023","24","2023-02-18","Everton","1","0","Leeds United","H"
"2023","24","2023-02-18","Wolverhampton Wanderers","0","1","AFC Bournemouth","A"
"2023","24","2023-02-18","Brentford","1","1","Crystal Palace","D"
"2023","24","2023-02-18","Newcastle United","0","2","Liverpool","A"
"2023","24","2023-02-19","Manchester United","3","0","Leicester City","H"
"2023","24","2023-02-19","Tottenham Hotspur","2","0","West Ham United","H"
"2023","25","2023-02-24","Fulham","1","1","Wolverhampton Wanderers","D"
"2023","25","2023-02-25","Leicester City","0","1","Arsenal","A"
"2023","25","2023-02-25","Everton","0","2","Aston Villa","A"
"2023","25","2023-02-25","West Ham United","4","0","Nottingham Forest","H"
"2023","25","2023-02-25","Leeds United","1","0","Southampton","H"
"2023","25","2023-02-25","AFC Bournemouth","1","4","Manchester City","A"
"2023","25","2023-02-25","Crystal Palace","0","0","Liverpool","D"
"2023","25","2023-02-26","Tottenham Hotspur","2","0","Chelsea","H"
"2023","7","2023-03-01","Arsenal","4","0","Everton","H"
"2023","7","2023-03-01","Liverpool","2","0","Wolverhampton Wanderers","H"
"2023","26","2023-03-04","Manchester City","2","0","Newcastle United","H"
"2023","26","2023-03-04","Arsenal","3","2","AFC Bournemouth","H"
"2023","26","2023-03-04","Aston Villa","1","0","Crystal Palace","H"
"2023","26","2023-03-04","Chelsea","1","0","Leeds United","H"
"2023","26","2023-03-04","Brighton and Hove Albion","4","0","West Ham United","H"
"2023","26","2023-03-04","Wolverhampton Wanderers","1","0","Tottenham Hotspur","H"
"2023","26","2023-03-04","Southampton","1","0","Leicester City","H"
"2023","26","2023-03-05","Nottingham Forest","2","2","Everton","D"
"2023","26","2023-03-05","Liverpool","7","0","Manchester United","H"
"2023","26","2023-03-06","Brentford","3","2","Fulham","H"
"2023","27","2023-03-11","AFC Bournemouth","1","0","Liverpool","H"
"2023","27","2023-03-11","Leeds United","2","2","Brighton and Hove Albion","D"
"2023","27","2023-03-11","Everton","1","0","Brentford","H"
"2023","27","2023-03-11","Leicester City","1","3","Chelsea","A"
"2023","27","2023-03-11","Tottenham Hotspur","3","1","Nottingham Forest","H"
"2023","27","2023-03-11","Crystal Palace","0","1","Manchester City","A"
"2023","27","2023-03-12","Manchester United","0","0","Southampton","D"
"2023","27","2023-03-12","Fulham","0","3","Arsenal","A"
"2023","27","2023-03-12","West Ham United","1","1","Aston Villa","D"
"2023","27","2023-03-12","Newcastle United","2","1","Wolverhampton Wanderers","H"
"2023","7","2023-03-15","Southampton","0","2","Brentford","A"
"2023","8","2023-03-15","Brighton and Hove Albion","1","0","Crystal Palace","H"
"2023","28","2023-03-17","Nottingham Forest","1","2","Newcastle United","A"
"2023","28","2023-03-18","Wolverhampton Wanderers","2","4","Leeds United","A"
"2023","28","2023-03-18","Brentford","1","1","Leicester City","D"
"2023","28","2023-03-18","Aston Villa","3","0","AFC Bournemouth","H"
"2023","28","2023-03-18","Southampton","3","3","Tottenham Hotspur","D"
"2023","28","2023-03-18","Chelsea","2","2","Everton","D"
"2023","28","2023-03-19","Arsenal","4","1","Crystal Palace","H"
"2023","29","2023-04-01","Manchester City","4","1","Liverpool","H"
"2023","29","2023-04-01","Arsenal","4","1","Leeds United","H"
"2023","29","2023-04-01","Nottingham Forest","1","1","Wolverhampton Wanderers","D"
"2023","29","2023-04-01","Brighton and Hove Albion","3","3","Brentford","D"
"2023","29","2023-04-01","Crystal Palace","2","1","Leicester City","H"
"2023","29","2023-04-01","AFC Bournemouth","2","1","Fulham","H"
"2023","29","2023-04-01","Chelsea","0","2","Aston Villa","A"
"2023","29","2023-04-02","West Ham United","1","0","Southampton","H"
"2023","29","2023-04-02","Newcastle United","2","0","Manchester United","H"
"2023","29","2023-04-03","Everton","1","1","Tottenham Hotspur","D"
"2023","7","2023-04-04","Leeds United","2","1","Nottingham Forest","H"
"2023","7","2023-04-04","AFC Bournemouth","0","2","Brighton and Hove Albion","A"
"2023","7","2023-04-04","Leicester City","1","2","Aston Villa","A"
"2023","8","2023-04-04","Chelsea","0","0","Liverpool","D"
"2023","25","2023-04-05","Manchester United","1","0","Brentford","H"
"2023","7","2023-04-05","West Ham United","1","5","Newcastle United","A"
"2023","30","2023-04-08","Manchester United","2","0","Everton","H"
"2023","30","2023-04-08","Fulham","0","1","West Ham United","A"
"2023","30","2023-04-08","Aston Villa","2","0","Nottingham Forest","H"
"2023","30","2023-04-08","Leicester City","0","1","AFC Bournemouth","A"
"2023","30","2023-04-08","Brentford","1","2","Newcastle United","A"
"2023","30","2023-04-08","Wolverhampton Wanderers","1","0","Chelsea","H"
"2023","30","2023-04-08","Tottenham Hotspur","2","1","Brighton and Hove Albion","H"
"2023","30","2023-04-08","Southampton","1","4","Manchester City","A"
"2023","30","2023-04-09","Leeds United","1","5","Crystal Palace","A"
"2023","30","2023-04-09","Liverpool","2","2","Arsenal","D"
"2023","31","2023-04-15","Aston Villa","3","0","Newcastle United","H"
"2023","31","2023-04-15","Chelsea","1","2","Brighton and Hove Albion","A"
"2023","31","2023-04-15","Southampton","0","2","Crystal Palace","A"
"2023","31","2023-04-15","Wolverhampton Wanderers","2","0","Brentford","H"
"2023","31","2023-04-15","Tottenham Hotspur","2","3","AFC Bournemouth","A"
"2023","31","2023-04-15","Everton","1","3","Fulham","A"
"2023","31","2023-04-15","Manchester City","3","1","Leicester City","H"
"2023","31","2023-04-16","West Ham United","2","2","Arsenal","D"
"2023","31","2023-04-16","Nottingham Forest","0","2","Manchester United","A"
"2023","31","2023-04-17","Leeds United","1","6","Liverpool","A"
"2023","32","2023-04-21","Arsenal","3","3","Southampton","D"
"2023","32","2023-04-22","Fulham","2","1","Leeds United","H"
"2023","32","2023-04-22","Crystal Palace","0","0","Everton","D"
"2023","32","2023-04-22","Brentford","1","1","Aston Villa","D"
"2023","32","2023-04-22","Liverpool","3","2","Nottingham Forest","H"
"2023","32","2023-04-22","Leicester City","2","1","Wolverhampton Wanderers","H"
"2023","32","2023-04-23","AFC Bournemouth","0","4","West Ham United","A"
"2023","32","2023-04-23","Newcastle United","6","1","Tottenham Hotspur","H"
"2023","33","2023-04-25","Wolverhampton Wanderers","2","0","Crystal Palace","H"
"2023","33","2023-04-25","Aston Villa","1","0","Fulham","H"
"2023","33","2023-04-25","Leeds United","1","1","Leicester City","D"
"2023","33","2023-04-26","Nottingham Forest","3","1","Brighton and Hove Albion","H"
"2023","33","2023-04-26","Chelsea","0","2","Brentford","A"
"2023","33","2023-04-26","West Ham United","1","2","Liverpool","A"
"2023","33","2023-04-26","Manchester City","4","1","Arsenal","H"
"2023","33","2023-04-27","Everton","1","4","Newcastle United","A"
"2023","33","2023-04-27","Southampton","0","1","AFC Bournemouth","A"
"2023","33","2023-04-27","Tottenham Hotspur","2","2","Manchester United","D"
"2023","34","2023-04-29","Crystal Palace","4","3","West Ham United","H"
"2023","34","2023-04-29","Brighton and Hove Albion","6","0","Wolverhampton Wanderers","H"
"2023","34","2023-04-29","Brentford","2","1","Nottingham Forest","H"
"2023","34","2023-04-30","Manchester United","1","0","Aston Villa","H"
"2023","34","2023-04-30","AFC Bournemouth","4","1","Leeds United","H"
"2023","34","2023-04-30","Newcastle United","3","1","Southampton","H"
"2023","34","2023-04-30","Fulham","1","2","Manchester City","A"
"2023","34","2023-04-30","Liverpool","4","3","Tottenham Hotspur","H"
"2023","34","2023-05-01","Leicester City","2","2","Everton","D"
"2023","34","2023-05-02","Arsenal","3","1","Chelsea","H"
"2023","28","2023-05-03","Liverpool","1","0","Fulham","H"
"2023","28","2023-05-03","Manchester City","3","0","West Ham United","H"
"2023","28","2023-05-04","Brighton and Hove Albion","1","0","Manchester United","H"
"2023","35","2023-05-06","Tottenham Hotspur","1","0","Crystal Palace","H"
"2023","35","2023-05-06","Wolverhampton Wanderers","1","0","Aston Villa","H"
"2023","35","2023-05-06","AFC Bournemouth","1","3","Chelsea","A"
"2023","35","2023-05-06","Manchester City","2","1","Leeds United","H"
"2023","35","2023-05-06","Liverpool","1","0","Brentford","H"
"2023","35","2023-05-07","Newcastle United","0","2","Arsenal","A"
"2023","35","2023-05-07","West Ham United","1","0","Manchester United","H"
"2023","35","2023-05-08","Fulham","5","3","Leicester City","H"
"2023","35","2023-05-08","Brighton and Hove Albion","1","5","Everton","A"
"2023","35","2023-05-08","Nottingham Forest","4","3","Southampton","H"
"2023","36","2023-05-13","Leeds United","2","2","Newcastle United","D"
"2023","36","2023-05-13","Aston Villa","2","1","Tottenham Hotspur","H"
"2023","36","2023-05-13","Chelsea","2","2","Nottingham Forest","D"
"2023","36","2023-05-13","Crystal Palace","2","0","AFC Bournemouth","H"
"2023","36","2023-05-13","Southampton","0","2","Fulham","A"
"2023","36","2023-05-13","Manchester United","2","0","Wolverhampton Wanderers","H"
"2023","36","2023-05-14","Everton","0","3","Manchester City","A"
"2023","36","2023-05-14","Brentford","2","0","West Ham United","H"
"2023","36","2023-05-14","Arsenal","0","3","Brighton and Hove Albion","A"
"2023","36","2023-05-15","Leicester City","0","3","Liverpool","A"
"2023","25","2023-05-18","Newcastle United","4","1","Brighton and Hove Albion","H"
"2023","37","2023-05-20","Tottenham Hotspur","1","3","Brentford","A"
"2023","37","2023-05-20","Liverpool","1","1","Aston Villa","D"
"2023","37","2023-05-20","Fulham","2","2","Crystal Palace","D"
"2023","37","2023-05-20","AFC Bournemouth","0","1","Manchester United","A"
"2023","37","2023-05-20","Wolverhampton Wanderers","1","1","Everton","D"
"2023","37","2023-05-20","Nottingham Forest","1","0","Arsenal","H"
"2023","37","2023-05-21","West Ham United","3","1","Leeds United","H"
"2023","37","2023-05-21","Brighton and Hove Albion","3","1","Southampton","H"
"2023","37","2023-05-21","Manchester City","1","0","Chelsea","H"
"2023","37","2023-05-22","Newcastle United","0","0","Leicester City","D"
"2023","32","2023-05-24","Brighton and Hove Albion","1","1","Manchester City","D"
"2023","32","2023-05-25","Manchester United","4","1","Chelsea","H"
"2023","38","2023-05-28","Crystal Palace","1","1","Nottingham Forest","D"
"2023","38","2023-05-28","Chelsea","1","1","Newcastle United","D"
"2023","38","2023-05-28","Manchester United","2","1","Fulham","H"
"2023","38","2023-05-28","Arsenal","5","0","Wolverhampton Wanderers","H"
"2023","38","2023-05-28","Southampton","4","4","Liverpool","D"
"2023","38","2023-05-28","Everton","1","0","AFC Bournemouth","H"
"2023","38","2023-05-28","Leicester City","2","1","West Ham United","H"
"2023","38","2023-05-28","Aston Villa","2","1","Brighton and Hove Albion","H"
"2023","38","2023-05-28","Leeds United","1","4","Tottenham Hotspur","A"
"2023","38","2023-05-28","Brentford","1","0","Manchester City","H"